,V1,V2
496,"AAVIK T, 2008, APPLIED VEGETATION SCIENCE",3
386,"AAVIK T, 2010, AGRICULTURE, ECOSYSTEMS & ENVIRONMENT",3
66,"ABU-ZREIG M, 2003, JOURNAL OF ENVIRONMENTAL QUALITY",2
157,"ADAMS HL, 2013, THE JOURNAL OF WILDLIFE MANAGEMENT",1
622,"ADHIKARI P, 2014, SOIL SCIENCE SOCIETY OF AMERICA JOURNAL",2
666,"AGUIAR TR, 2015, AGRICULTURAL WATER MANAGEMENT",2
365,"AHERN RG, 2002, AGRICULTURE, ECOSYSTEMS & ENVIRONMENT",4
413,"AL-WADAEY A, 2012, WATER, AIR, & SOIL POLLUTION",2
743,"ALAIN B, 2006, LANDSCAPE ECOLOGY",3
779,"ALEBEEK FAN, 2003, ",4
411,"ALEBEEK FAN, 2006, ",4
42,"ALIGNIER A, 2015, AGRICULTURE, ECOSYSTEMS & ENVIRONMENT",3
516,"ALLAIRE SE, 2015, PLOS ONE",2
51,"ALTEWISCHER A, 2015, ACTA ORNITHOLOGICA",3
244,"AMY SR, 2015, BASIC AND APPLIED ECOLOGY",3
653,"ANANYEVA N, 2008, MIKROBIOLOGIIA",5
325,"ANANYEVA ND, 2008, MICROBIOLOGY",5
122,"ANDERSEN A, 1997, JOURNAL OF APPLIED ENTOMOLOGY",4
786,"ANDERSON A, 2012, INSECT CONSERVATION AND DIVERSITY",3
177,"ANDERSON SH, 2008, AGROFORESTRY SYSTEMS",2
776,"ANJUM-ZUBAIR M, 2010, AGRICULTURAL AND FOREST ENTOMOLOGY",4
109,"ANJUM‐ZUBAIR M, 2010, AGRICULTURAL AND FOREST ENTOMOLOGY",4
691,"ANJUM‐ZUBAIR M, 2015, AGRICULTURAL AND FOREST ENTOMOLOGY",4
373,"ARANGO CP, 2008, JOURNAL OF THE NORTH AMERICAN BENTHOLOGICAL SOCIETY",2
309,"ARNOLD GL, 2004, JOURNAL OF EXPERIMENTAL MARINE BIOLOGY AND ECOLOGY",2
656,"ARNOLD GW, 1983, THE JOURNAL OF APPLIED ECOLOGY",1
624,"ARORA K, 1996, TRANSACTIONS OF THE ASAE",2
829,"ARORA K, 2003, TRANSACTIONS OF THE ASAE",2
152,"ASCHWANDEN J, 2007, WILDLIFE BIOLOGY",3
89,"ASTERAKI EJ, 1995, AGRICULTURE, ECOSYSTEMS & ENVIRONMENT",4
191,"ASTERAKI EJ, 2004, AGRICULTURE, ECOSYSTEMS & ENVIRONMENT",4
289,"ATAKAN E, 2010, PHYTOPARASITICA",4
36,"AVIRON S, 2010, RESTORATION ECOLOGY",3
835,"BÄCKMAN JPC, 2002, AGRICULTURE, ECOSYSTEMS & ENVIRONMENT",3
439,"BÜCHI R, 2002, AGRICULTURE, ECOSYSTEMS & ENVIRONMENT",4
641,"BADENHAUSSER I, 2012, AGRICULTURE, ECOSYSTEMS & ENVIRONMENT",3
790,"BADENHAUSSER I, 2015, ARTHROPOD-PLANT INTERACTIONS",3
362,"BAHLAI CA, 2010, ENVIRONMENTAL ENTOMOLOGY",4
589,"BAILEY A, 2013, LAND USE POLICY",2
419,"BAINES M, 1998, ECOGRAPHY",4
795,"BAKER D, 2012, JOURNAL OF APPLIED ECOLOGY",3
137,"BALENT G, 1992, LANDSCAPE ECOLOGY",1
390,"BALESTRINI R, 2011, ECOLOGICAL ENGINEERING",2
808,"BALOG A, 2007, ",4
78,"BANGURA A, 2015, AMERICAN JOURNAL OF EXPERIMENTAL AGRICULTURE",1
471,"BARBIR J, 2015, AGRICULTURAL AND FOREST ENTOMOLOGY",4
202,"BARONE M, 2003, OECOLOGIA",4
730,"BASSA M, 2011, AGRICULTURE, ECOSYSTEMS & ENVIRONMENT",3
481,"BASSA M, 2012, BIODIVERSITY AND CONSERVATION",3
145,"BATÁRY P, 2010, BIOLOGICAL CONSERVATION",3
799,"BATES FS, 2009, AGRICULTURE, ECOSYSTEMS & ENVIRONMENT",3
561,"BAVERSTOCK J, 2007, JOURNAL OF INVERTEBRATE PATHOLOGY",3
265,"BECK W, 2013, AGROFORESTRY SYSTEMS",2
330,"BECKMANN JP, 2001, ",1
107,"BEEK C, 2007, NUTRIENT CYCLING IN AGROECOSYSTEMS",2
841,"BELL JR, 1999, JOURNAL OF ARACHNOLOGY",4
570,"BELL JR, 2002, AGRICULTURE, ECOSYSTEMS & ENVIRONMENT",4
735,"BELL JR, 2002, AGRICULTURE, ECOSYSTEMS & ENVIRONMENT-a",4
584,"BELTRAMO J, 2006, BRAZILIAN JOURNAL OF BIOLOGY = REVISTA BRASLEIRA DE BIOLOGIA",4
544,"BENCE SL, 2003, AGRICULTURE, ECOSYSTEMS & ENVIRONMENT",4
305,"BERESWILL R, 2012, AGRICULTURE, ECOSYSTEMS & ENVIRONMENT",2
602,"BERESWILL R, 2013, ENVIRONMENTAL TOXICOLOGY AND CHEMISTRY",2
250,"BERGES SA, 2010, AGROFORESTRY SYSTEMS",1
95,"BERGES SA, NA, IOWA STATE UNIVERSITY",2
507,"BERGFUR J, 2012, JOURNAL OF ENVIRONMENTAL QUALITY",2
704,"BESNARD AG, 2014, AGRICULTURE, ECOSYSTEMS & ENVIRONMENT",3
271,"BHARATI L, 2002, AGROFORESTRY SYSTEMS",2
200,"BHARATI L, NA, IOWA STATE UNIVERSITY",2
541,"BIANCHI FJJA, 2008, BIOLOGICAL CONTROL",4
31,"BIRKHOFER K, 2013, INSECT CONSERVATION AND DIVERSITY",3
251,"BISSONNAIS YL, 2004, AGRONOMIE",2
431,"BLAGODATSKII SA, 2008, MICROBIOLOGY",5
613,"BLAKE RJ, 2010, JOURNAL OF INSECT CONSERVATION",3
644,"BLAKE RJ, 2011, AGRICULTURE, ECOSYSTEMS & ENVIRONMENT",3
214,"BLAKE RJ, 2011, PEST MANAGEMENT SCIENCE",3
796,"BLAKE RJ, 2012, AGRICULTURAL AND FOREST ENTOMOLOGY",3
241,"BLANCO-CANQUI H, 2004, SOIL SCIENCE SOCIETY OF AMERICA JOURNAL",2
619,"BLANCO-CANQUI H, 2004, SOIL SCIENCE SOCIETY OF AMERICA JOURNAL-a",2
718,"BLANCO-CANQUI H, 2014, AGRONOMY JOURNAL",2
457,"BLANK PJ, 2011, THE JOURNAL OF WILDLIFE MANAGEMENT",1
754,"BLANK TH, 1967, THE JOURNAL OF ANIMAL ECOLOGY",1
274,"BLATTEL CR, 2005, JOURNAL OF THE AMERICAN WATER RESOURCES ASSOCIATION",2
131,"BLATTEL CR, 2009, CASTANEA",2
478,"BLOIS S, 2002, BIOLOGICAL CONSERVATION",1
45,"BLOMQVIST MM, 2009, BASIC AND APPLIED ECOLOGY",3
502,"BODAH BW, 2013, ",2
111,"BOKENSTRAND A, 2004, AGRICULTURE, ECOSYSTEMS & ENVIRONMENT",4
41,"BOLDES U, 2002, JOURNAL OF WIND ENGINEERING AND INDUSTRIAL AERODYNAMICS",1
281,"BOLLINGER EK, 1985, THE JOURNAL OF WILDLIFE MANAGEMENT",1
68,"BORIN M, 2002, ENVIRONMENTAL POLLUTION (BARKING, ESSEX : 1987)",2
543,"BORIN M, 2004, ENVIRONMENTAL POLLUTION (BARKING, ESSEX : 1987)",2
747,"BORIN M, 2005, AGRICULTURE, ECOSYSTEMS & ENVIRONMENT",2
397,"BORIN M, 2010, EUROPEAN JOURNAL OF AGRONOMY",2
130,"BOTÍAS C, 2015, ENVIRONMENTAL SCIENCE & TECHNOLOGY",4
564,"BOUGHEY KL, 2011, BIOLOGICAL CONSERVATION",3
57,"BOUTIN C, 1998, ECOLOGICAL APPLICATIONS",1
635,"BOUTIN C, 2001, CANADIAN JOURNAL OF PLANT SCIENCE",1
675,"BOUTIN C, 2003, AGRICULTURE, ECOSYSTEMS & ENVIRONMENT",1
147,"BOUTIN C, 2006, CANADIAN JOURNAL OF PLANT SCIENCE",1
153,"BOUTIN C, 2009, ÉCOSCIENCE",4
710,"BOWDEN J, 1977, THE JOURNAL OF APPLIED ECOLOGY",4
347,"BOWIE MH, 2014, NEW ZEALAND JOURNAL OF ZOOLOGY",4
606,"BOWLING SA, 2013, THE JOURNAL OF WILDLIFE MANAGEMENT",1
43,"BRADBURN BN, 2010, JOURNAL OF SOIL AND WATER CONSERVATION",2
225,"BRADBURY RB, 2000, JOURNAL OF APPLIED ECOLOGY",1
272,"BRADLEY RL, 2011, APPLIED SOIL ECOLOGY",2
314,"BRAMBILLA M, 2009, BIOLOGICAL CONSERVATION",1
61,"BRAMBILLA M, 2009, ORNIS FENNICA",1
636,"BRAUER D, 2012, COMMUNICATIONS IN SOIL SCIENCE AND PLANT ANALYSIS",2
96,"BRIGHT JA, 2015, AGRICULTURE, ECOSYSTEMS & ENVIRONMENT",3
428,"BRO E, 2004, JOURNAL OF APPLIED ECOLOGY",3
660,"BROUGHTON RK, 2014, AGRICULTURE, ECOSYSTEMS & ENVIRONMENT",3
199,"BROWN KW, 1971, AGRICULTURAL METEOROLOGY",1
10,"BRUGGISSER OT, 2012, BASIC AND APPLIED ECOLOGY",3
48,"BRYAN GG, 1991, AMERICAN MIDLAND NATURALIST",1
721,"BRYAN GG, 1994, ",1
412,"BU XL, 2016, JOURNAL OF SOIL AND WATER CONSERVATION",2
148,"BUCKINGHAM DL, 1999, BIRD STUDY",1
687,"BUDDLE CM, 2004, THE AMERICAN MIDLAND NATURALIST",4
88,"BUNER F, 2005, BIOLOGICAL CONSERVATION",1
665,"BUREL F, 1992, LANDSCAPE ECOLOGY",4
127,"BUREL F, 1995, LANDSCAPE AND URBAN PLANNING",1
339,"BUREL F, 1996, CRITICAL REVIEWS IN PLANT SCIENCES",4
341,"BURGESS MD, 2015, JOURNAL OF ORNITHOLOGY",3
228,"BURGIO G, 2015, ENVIRONMENTAL ENTOMOLOGY",3
47,"BURT CD, 2012, WATER AND ENVIRONMENT JOURNAL",2
76,"BURT T, 1999, HYDROLOGICAL PROCESSES",2
363,"BURT TP, 2002, JOURNAL OF HYDROLOGY",2
243,"BUTET A, 2006, AGRICULTURE, ECOSYSTEMS & ENVIRONMENT",3
406,"C.F.G. T, 2001, JOURNAL OF APPLIED ECOLOGY",4
215,"CÁRDENAS M, 2015, ENVIRONMENTAL ENTOMOLOGY",4
246,"CAMPAGNE P, 2006, AGRICULTURE, ECOSYSTEMS & ENVIRONMENT",1
204,"CANAVELLI SB, 2014, AGRICULTURE, ECOSYSTEMS & ENVIRONMENT",4
103,"CANTERS KJ, 1999, LANDSCAPE AND URBAN PLANNING",4
682,"CAO L, 2015, SOIL AND TILLAGE RESEARCH",2
161,"CARDARELLI E, 2014, AGRICULTURE, ECOSYSTEMS & ENVIRONMENT",3
524,"CARDINALI A, 2013, INTERNATIONAL JOURNAL OF ENVIRONMENTAL ANALYTICAL CHEMISTRY",2
758,"CARDINALI A, 2014, APPLIED SOIL ECOLOGY",2
537,"CARMONA DM, 1999, ENVIRONMENTAL ENTOMOLOGY",4
490,"CARNOVALE D, 2015, APPLIED SOIL ECOLOGY",1
62,"CARON E, 2010, JOURNAL OF ENVIRONMENTAL QUALITY",2
547,"CARVELL C, 2004, BIOLOGICAL CONSERVATION",3
787,"CARVELL C, 2006, APIDOLOGIE",3
30,"CARVELL C, 2006, JOURNAL OF APPLIED ECOLOGY",3
348,"CARVELL C, 2011, ECOLOGICAL APPLICATIONS : A PUBLICATION OF THE ECOLOGICAL SOCIETY OF AMERICA",3
279,"CAUBEL V, 2003, HYDROLOGICAL PROCESSES",2
198,"CAUBEL-FORGET V, 2001, COMPTES RENDUS DE L'ACADÉMIE DES SCIENCES - SERIES IIA - EARTH AND PLANETARY SCIENCE",2
809,"CAUWER BD, 2005, AGRICULTURE, ECOSYSTEMS & ENVIRONMENT",3
59,"CAUWER BD, 2006, AGRICULTURE, ECOSYSTEMS & ENVIRONMENT",3
287,"CAUWER BD, 2006, AGRONOMY FOR SUSTAINABLE DEVELOPMENT",2
332,"CAUWER BD, 2006, NJAS: WAGENINGEN JOURNAL OF LIFE SCIENCES",3
468,"CAUWER BD, 2008, WEED RESEARCH",3
510,"CERESA F, 2012, BIRD STUDY",3
825,"CEY EE, 1999, JOURNAL OF CONTAMINANT HYDROLOGY",2
334,"CHAPMAN EW, 2002, AGRICULTURE, ECOSYSTEMS & ENVIRONMENT",2
725,"CHAUBEY I, 1994, TRANSACTIONS OF THE ASAE",2
23,"CHAUBEY I, 1995, TRANSACTIONS OF THE ASAE",2
290,"CHEN B, 2015, JOURNAL OF HYDROLOGY",2
723,"CHEN ZS, 2008, ",2
84,"CHENDEV YG, 2015, EURASIAN SOIL SCIENCE",1
342,"CHRISTENSEN JR, 2013, ENVIRONMENTAL MANAGEMENT",2
464,"CHU B, NA, UNIVERSITY OF MISSOURI LIBRARIES",2
34,"CLEWS E, 2010, AQUATIC CONSERVATION: MARINE AND FRESHWATER ECOSYSTEMS",2
651,"CLEWS E, 2010, AQUATIC CONSERVATION: MARINE AND FRESHWATER ECOSYSTEMS-a",2
210,"COEUR DL, 1997, LANDSCAPE AND URBAN PLANNING",1
224,"COLE LJ, 2007, BIODIVERSITY AND CONSERVATION",3
669,"COLE LJ, 2014, ",3
63,"COLI WM, 1994, AGRICULTURE, ECOSYSTEMS & ENVIRONMENT",4
237,"COLLINS KE, 2012, RESTORATION ECOLOGY",2
646,"COLLINS KL, 2002, AGRICULTURE, ECOSYSTEMS & ENVIRONMENT",4
581,"COLLINS KL, 2003, AGRICULTURE, ECOSYSTEMS & ENVIRONMENT",4
424,"COLLINS R, 2004, NEW ZEALAND JOURNAL OF AGRICULTURAL RESEARCH",2
5,"CONOVER RR, 2007, JOURNAL OF WILDLIFE MANAGEMENT",1
679,"CONOVER RR, 2009, THE WILSON JOURNAL OF ORNITHOLOGY",1
459,"CONOVER RR, 2011, AGRICULTURE, ECOSYSTEMS & ENVIRONMENT",1
567,"CONOVER RR, 2011, WILDLIFE SOCIETY BULLETIN",1
179,"CONOVER RR, 2014, THE AMERICAN MIDLAND NATURALIST",1
717,"COOK PS, 1995, LANDSCAPE AND URBAN PLANNING",1
631,"COOPER AB, 1984, NEW ZEALAND JOURNAL OF MARINE AND FRESHWATER RESEARCH",2
360,"CORBIT M, 1999, JOURNAL OF ECOLOGY",1
611,"CORDEAU S, 2011, WEED RESEARCH",3
326,"CORDEAU S, 2012, AGRICULTURE, ECOSYSTEMS & ENVIRONMENT",3
52,"CORNULIER T, 2010, METHODS IN ECOLOGY AND EVOLUTION",3
724,"COSTA WAJMD, 2005, AGROFORESTRY SYSTEMS",2
12,"COX R, 2014, ENVIRONMENTAL ENTOMOLOGY",4
258,"COX WA, 2014, AGRICULTURE, ECOSYSTEMS & ENVIRONMENT",1
297,"CRANMER L, 2011, OIKOS",1
105,"CRITCHLEY CNR, 2004, BIOLOGICAL CONSERVATION",3
421,"CRITTENDEN S, 2015, EUROPEAN JOURNAL OF SOIL BIOLOGY",3
839,"CROXTON PJ, 2002, AGRICULTURE, ECOSYSTEMS & ENVIRONMENT",1
333,"CROXTON PJ, 2002, BIOLOGICAL CONSERVATION",3
166,"CROXTON PJ, 2005, BIOLOGICAL CONSERVATION",3
648,"CULLUM RF, 2007, SOIL AND TILLAGE RESEARCH",2
293,"CZARNECKA J, 2012, ACTA AGROBOTANICA",3
449,"DABNEY SM, 2009, SOIL SCIENCE SOCIETY OF AMERICA JOURNAL",2
639,"DABNEY SM, 2012, SOIL SCIENCE SOCIETY OF AMERICA JOURNAL",2
617,"DANDIE CE, 2011, FEMS MICROBIOLOGY ECOLOGY",2
503,"DANIELSON SD, 2000, JOURNAL OF ENTOMOLOGICAL SCIENCE",1
324,"DAVEY CM, 2010, BIRD STUDY",3
21,"DAVEY CM, 2010, IBIS",3
470,"DAVIDSON MM, 2015, NEW ZEALAND PLANT PROTECTION",3
685,"DAVIS BNK, 1967, BIRD STUDY",1
173,"DAVIS JH, 2007, JOURNAL OF ENVIRONMENTAL QUALITY",2
798,"DAVROS NM, 2006, WILDLIFE SOCIETY BULLETIN",1
810,"DEASY C, 2010, AGRICULTURAL SYSTEMS",2
783,"DEBRAS JF, 2008, AGRICULTURE, ECOSYSTEMS & ENVIRONMENT",4
132,"DECKERS B, 2004, ACTA OECOLOGICA",1
746,"DELATTRE P, 2009, MAMMAL RESEARCH",1
163,"DELATTRE T, 2013, AGRICULTURE, ECOSYSTEMS & ENVIRONMENT",3
797,"DENISOW B, 2015, JOURNAL OF APICULTURAL SCIENCE",3
387,"DENNIS P, 1992, AGRICULTURE, ECOSYSTEMS & ENVIRONMENT",4
760,"DENNIS P, 1994, THE JOURNAL OF APPLIED ECOLOGY",4
94,"DENYS C, 2002, OECOLOGIA",4
737,"DERCON G, 2006, SOIL AND TILLAGE RESEARCH",2
667,"DEROCLES SAP, 2014, MOLECULAR ECOLOGY",4
612,"DIX ME, 1997, JOURNAL OF SUSTAINABLE AGRICULTURE",1
706,"DMOWSKA E, 2007, POLISH JOURNAL OF ECOLOGY",4
658,"DOANE JF, 1979, THE CANADIAN ENTOMOLOGIST",4
278,"DOLLAR JG, 2012, JOURNAL OF INSECT CONSERVATION",3
587,"DOLLAR JG, 2014, JOURNAL OF INSECT CONSERVATION",3
657,"DOSSKEY M, 2015, JOURNAL OF SOIL AND WATER CONSERVATION",2
380,"DOSSKEY MG, 2007, JOURNAL OF SOIL AND WATER CONSERVATION",2
302,"DOUGLAS DJT, 2009, JOURNAL OF APPLIED ECOLOGY",3
446,"DOUSSET S, 2010, ENVIRONMENTAL POLLUTION (BARKING, ESSEX : 1987)",2
814,"DOVER JW, 1996, THE JOURNAL OF APPLIED ECOLOGY",1
164,"DOVER JW, 1997, JOURNAL OF INSECT CONSERVATION",1
20,"DUCEY TF, 2013, THE OPEN MICROBIOLOGY JOURNAL",2
125,"DUCROS CMJ, 2003, ENVIRONMENTAL MANAGEMENT",2
284,"DUKES MD, 2003, JOURNAL OF IRRIGATION AND DRAINAGE ENGINEERING",2
357,"DUNN AM, 2010, THE SCIENCE OF THE TOTAL ENVIRONMENT",2
139,"DURIEZ O, 2005, BIOLOGICAL CONSERVATION",3
345,"DURNER GM, 1993, THE JOURNAL OF WILDLIFE MANAGEMENT",1
350,"EGEH MH, NA, IOWA STATE UNIVERSITY",2
71,"EGGENSCHWILER L, 2012, AGRONOMY FOR SUSTAINABLE DEVELOPMENT",3
846,"EGHBALL B, 2000, JOURNAL OF SOIL AND WATER CONSERVATION",2
604,"EKROOS J, 2008, AGRICULTURE, ECOSYSTEMS & ENVIRONMENT",3
420,"EKROOS J, 2012, ECOGRAPHY",3
780,"ENANGA EM, 2010, WATER, AIR, & SOIL POLLUTION",2
82,"ENTRY JA, 2000, JOURNAL OF ENVIRONMENTAL QUALITY",2
610,"ENTRY JA, 2000, JOURNAL OF ENVIRONMENTAL QUALITY-a",2
711,"ERNOULT A, 2013, AGRICULTURE, ECOSYSTEMS & ENVIRONMENT",3
720,"EVANS KO, 2013, THE JOURNAL OF WILDLIFE MANAGEMENT",1
222,"EVANS KO, 2014, CONSERVATION BIOLOGY : THE JOURNAL OF THE SOCIETY FOR CONSERVATION BIOLOGY",1
536,"EVANS KO, 2014, WILDLIFE SOCIETY BULLETIN",1
207,"EVRARD O, 2008, EARTH SURFACE PROCESSES AND LANDFORMS",2
823,"EWALD JA, 2010, AGRICULTURE, ECOSYSTEMS & ENVIRONMENT",3
699,"EYBERT MC, 1995, BIOLOGICAL CONSERVATION",1
535,"EYRE M, 2010, BULLETIN OF ENTOMOLOGICAL RESEARCH",4
629,"EYRE M, 2013, AGRICULTURE, ECOSYSTEMS & ENVIRONMENT",4
417,"EYRE MD, 2009, AGRICULTURE, ECOSYSTEMS & ENVIRONMENT",4
349,"EYRE MD, 2010, ORGANIC AGRICULTURE",3
383,"FÖLDESI R, 2014, BIOLOGIA",3
2,"FAANES CA, 1982, RESOURCE PUBLICATION",1
484,"FABIAN Y, 2013, THE JOURNAL OF ANIMAL ECOLOGY",3
702,"FACEY SL, 2014, INSECT CONSERVATION AND DIVERSITY",3
614,"FAN J, 2015, INTERNATIONAL JOURNAL OF SEDIMENT RESEARCH",2
553,"FARGUE-LELIÈVRE A, 2011, ECOLOGICAL MODELLING",3
427,"FEAGLEY SE, 1992, JOURNAL OF PLANT NUTRITION",2
674,"FEBER RE, 1996, THE JOURNAL OF APPLIED ECOLOGY",3
469,"FEEHAN J, 2005, AGRICULTURE, ECOSYSTEMS & ENVIRONMENT",3
113,"FELTHAM H, 2015, ECOLOGY AND EVOLUTION",3
769,"FERRIS GK, 2014, ",1
393,"FIELD R, 2005, BIODIVERSITY AND CONSERVATION",3
138,"FIELD R, 2006, BIODIVERSITY AND CONSERVATION",3
8,"FIELD RG, 2006, BIODIVERSITY AND CONSERVATION",3
630,"FIENER P, 2003, JOURNAL OF ENVIRONMENTAL QUALITY",2
353,"FIENER P, 2005, JOURNAL OF HYDROLOGY",2
460,"FIENER P, 2006, SOIL AND TILLAGE RESEARCH",2
533,"FIENER P, 2009, JOURNAL OF ENVIRONMENTAL QUALITY",2
472,"FISCHER JR, 2010, TRANSACTIONS OF THE AMERICAN FISHERIES SOCIETY",2
319,"FISHER K, 2014, JOURNAL OF ENVIRONMENTAL QUALITY",2
767,"FITZGIBBON CD, 1997, THE JOURNAL OF APPLIED ECOLOGY",3
784,"FOLLAIN S, 2007, GEODERMA",1
816,"FOLLAIN S, 2009, GEODERMA",1
22,"FORTIER J, 2010, BIOMASS AND BIOENERGY",2
708,"FORTIER J, 2013, SPRINGERPLUS",2
664,"FORTIER J, 2015, JOURNAL OF ENVIRONMENTAL MANAGEMENT",2
655,"FOURNIER E, 1999, ECOGRAPHY",4
559,"FOURNIER E, 2001, ECOLOGICAL ENTOMOLOGY",4
175,"FOURNIER E, 2002, AGRICULTURE, ECOSYSTEMS & ENVIRONMENT",4
551,"FOX AF, 2013, AGRICULTURE, ECOSYSTEMS & ENVIRONMENT",4
35,"FOX AF, 2015, ENVIRONMENTAL ENTOMOLOGY",4
615,"FRÈRE I, 2007, JOURNAL OF APPLIED ENTOMOLOGY",4
144,"FRAMPTON GK, 1995, BIOLOGICAL CONSERVATION",4
703,"FRANK T, 1997, BIOLOGICAL AGRICULTURE & HORTICULTURE",4
295,"FRANK T, 1998, JOURNAL OF MOLLUSCAN STUDIES",4
681,"FRANK T, 1998, JOURNAL OF MOLLUSCAN STUDIES-a",4
9,"FRANK T, 1999, JOURNAL OF APPLIED ENTOMOLOGY",4
230,"FRANK T, 2004, BULLETIN OF ENTOMOLOGICAL RESEARCH",4
722,"FRANK T, 2006, EUROPEAN JOURNAL OF ENTOMOLOGY",3
683,"FRANK T, 2007, AGRICULTURE, ECOSYSTEMS & ENVIRONMENT",4
598,"FRANK T, 2009, ANNALES ZOOLOGICI FENNICI",4
262,"FRANK T, 2012, AGRICULTURE, ECOSYSTEMS & ENVIRONMENT",3
565,"FRENCH BW, 1999, ENVIRONMENTAL ENTOMOLOGY",4
194,"FRITCH R, 2011, JOURNAL OF APPLIED ECOLOGY",3
791,"FROUZ J, 2000, LANDSCAPE AND URBAN PLANNING",4
391,"FUENTES-MONTEMAYOR E, 2010, JOURNAL OF APPLIED ECOLOGY",3
817,"FUKUDA Y, 2011, NEW ZEALAND JOURNAL OF AGRICULTURAL RESEARCH",4
3,"FULLER RJ, 1997, ECOGRAPHY",1
692,"FULLER RJ, 2001, AGRICULTURE, ECOSYSTEMS & ENVIRONMENT",1
377,"GARBUTT RA, 2002, BIOLOGICAL CONSERVATION",1
642,"GARCÍA AF, 2000, ANNALS OF APPLIED BIOLOGY",4
476,"GARCIA-SALAZAR C, 2007, RENEWABLE AGRICULTURE AND FOOD SYSTEMS",4
298,"GARDINER T, 2007, JOURNAL OF INSECT CONSERVATION",3
560,"GARDINER T, 2007, JOURNAL OF ORTHOPTERA RESEARCH",3
671,"GEIGER F, 2008, BIOCONTROL",4
183,"GELLING M, 2007, LANDSCAPE ECOLOGY",1
586,"GHADIRI H, 2011, SOIL RESEARCH",2
504,"GHARABAGHI B, 2006, WATER QUALITY RESEARCH JOURNAL",2
694,"GHAZAVI G, 2008, HYDROLOGICAL PROCESSES",1
512,"GHAZAVI R, 2010, HYDROLOGICAL PROCESSES",1
364,"GIACOMO ASD, 2010, THE CONDOR",1
169,"GILBERT S, 2014, JOURNAL OF APPLIED ENTOMOLOGY",3
549,"GILL KA, NA, IOWA STATE UNIVERSITY",4
322,"GILLESPIE AR, 1995, AGRICULTURE, ECOSYSTEMS & ENVIRONMENT",2
401,"GILLEY JE, 2000, JOURNAL OF SOIL AND WATER CONSERVATION",2
317,"GILLEY JE, 2008, TRANSACTIONS OF THE ASABE",2
294,"GILLEY JE, 2011, TRANSACTIONS OF THE ASABE",2
366,"GILLEY JE, 2013, 2013 KANSAS CITY, MISSOURI, JULY 21 - JULY 24, 2013",2
266,"GILROY JJ, 2009, BIRD STUDY",3
323,"GOITI U, 2003, ACTA CHIROPTEROLOGICA",1
104,"GOLKOWSKA K, 2016, ENVIRONMENTAL SCIENCE & POLICY",2
482,"GRALA RK, 2010, AGROFORESTRY SYSTEMS",1
85,"GRALA RK, NA, IOWA STATE UNIVERSITY",1
757,"GREEN RE, 1984, THE JOURNAL OF APPLIED ECOLOGY",1
19,"GREEN RE, 1994, THE JOURNAL OF APPLIED ECOLOGY",1
707,"GREENWOOD MJ, 2011, JOURNAL OF APPLIED ECOLOGY",2
623,"GRIFFITH SM, 1997, SOIL SCIENCE AND PLANT NUTRITION",2
368,"GRIMALDI C, 2009, HYDROLOGICAL PROCESSES",1
106,"GRIMALDI C, 2012, HYDROLOGICAL PROCESSES",1
327,"GUBER AK, 2009, JOURNAL OF ENVIRONMENTAL QUALITY",2
49,"GUMBERT A, 2013, ",2
824,"GUMIERO B, 2011, JOURNAL OF APPLIED ECOLOGY",2
206,"GUMIERO B, 2017, ECOLOGICAL ENGINEERING",2
351,"HAALAND C, 2009, JOURNAL OF INSECT CONSERVATION",3
70,"HABIBIANDEHKORDI R, 2014, ENVIRONMENTAL SCIENCE AND POLLUTION RESEARCH INTERNATIONAL",2
670,"HAENKE S, 2009, JOURNAL OF APPLIED ECOLOGY",4
220,"HAENKE S, 2014, JOURNAL OF APPLIED ECOLOGY",3
826,"HAHN M, 2015, AGRICULTURE, ECOSYSTEMS & ENVIRONMENT",3
804,"HALE SL, 2011, THE AMERICAN MIDLAND NATURALIST",1
435,"HAO H, 2014, PLANT AND SOIL",1
739,"HASSALL M, 1992, AGRICULTURE, ECOSYSTEMS & ENVIRONMENT",4
405,"HASSAN DA, 2012, AGRICULTURAL AND FOREST ENTOMOLOGY",4
160,"HAUGHTON AJ, 2001, PEST MANAGEMENT SCIENCE",4
336,"HAUSAMMANN A, 1996, JOURNAL OF APPLIED ENTOMOLOGY",4
616,"HAUSAMMANN A, 1996, JOURNAL OF APPLIED ENTOMOLOGY-a",4
218,"HAWKES C, 1973, THE JOURNAL OF APPLIED ECOLOGY",4
511,"HAWTHORNE AJ, 1998, APPLIED SOIL ECOLOGY",4
775,"HAYCOCK NE, 1993, JOURNAL OF ENVIRONMENTAL QUALITY",2
528,"HAZEL DW, 2000, ",2
744,"HEATHWAITE AL, 2006, SOIL USE AND MANAGEMENT",2
260,"HEINEN M, 2012, JOURNAL OF ENVIRONMENTAL QUALITY",2
159,"HELLING AP, 2015, AGRICULTURE",2
291,"HELLIWELL JR, 2011, BIOSCIENCE HORIZONS",2
133,"HELMERS MJ, 2005, TRANSACTIONS OF THE ASAE",2
376,"HELMERS MJ, 2005, TRANSACTIONS OF THE ASAE-a",2
389,"HELMERS MJ, 2012, JOURNAL OF ENVIRONMENTAL QUALITY",2
118,"HENNINGSEN JC, 2005, JOURNAL OF WILDLIFE MANAGEMENT",1
680,"HENRY M, 2012, ECOLOGICAL MODELLING",3
187,"HERBST M, 2006, AGRICULTURAL AND FOREST METEOROLOGY",1
492,"HERMANN A, 2012, JOURNAL OF PEST SCIENCE",4
592,"HERNÁNDEZ , 2014, HYSTRIX-ITALIAN JOURNAL OF MAMMALOGY",3
108,"HERNANDEZ G, 2012, AGRICULTURE, ECOSYSTEMS & ENVIRONMENT",1
645,"HERNANDEZ-SANTANA V, 2011, FOREST ECOLOGY AND MANAGEMENT",2
805,"HERNANDEZ-SANTANA V, 2013, JOURNAL OF HYDROLOGY",2
463,"HIRSH SM, 2013, ECOLOGICAL RESTORATION",3
92,"HIRSH SM, NA, IOWA STATE UNIVERSITY",3
67,"HODGES L, 2004, HORTSCIENCE",1
693,"HOF AR, 2010, AGRICULTURE, ECOSYSTEMS & ENVIRONMENT",3
394,"HOLLAND JD, 2000, AGRICULTURE, ECOSYSTEMS & ENVIRONMENT",4
110,"HOLLAND JM, 2008, BIOCONTROL",4
538,"HOLLAND JM, 2008, BIOLOGICAL CONTROL",4
663,"HOLLAND JM, 2012, AGRICULTURE, ECOSYSTEMS & ENVIRONMENT",4
46,"HOLLAND JM, 2015, BIOLOGICAL CONSERVATION",3
425,"HOLT CA, 2010, BIRD STUDY",3
762,"HOLZSCHUH A, 2007, OIKOS",3
759,"HOLZSCHUH A, 2009, ECOLOGICAL APPLICATIONS : A PUBLICATION OF THE ECOLOGICAL SOCIETY OF AMERICA",3
354,"HOLZSCHUH A, 2009, THE JOURNAL OF ANIMAL ECOLOGY",3
240,"HOMININCK WM, 1990, PARASITOLOGY",1
229,"HOTALING NEM, 2002, SOUTHEASTERN NATURALIST",1
563,"HOVD H, 2008, ACTA AGRICULTURAE SCANDINAVICA, SECTION B - PLANT SOIL SCIENCE",3
785,"HOVD H, 2008, ACTA AGRICULTURAE SCANDINAVICA, SECTION B - PLANT SOIL SCIENCE-a",3
574,"HRADETZKY R, 1997, BIOLOGICAL AGRICULTURE & HORTICULTURE",1
626,"HUALLACHÁIN D, 2013, INSECT CONSERVATION AND DIVERSITY",3
634,"HUBBARD RK, 2007, TRANSACTIONS OF THE ASABE",2
123,"HUDEK C, 2014, CATENA",2
773,"HUGHES-CLARKE SA, 1992, LANDSCAPE AND URBAN PLANNING",1
112,"HUNT PG, 2004, JOURNAL OF ENVIRONMENTAL QUALITY",2
652,"HUNT PG, 2007, JOURNAL OF ENVIRONMENTAL QUALITY",2
81,"HUUSELA-VEISTOLA E, 1998, JOURNAL OF APPLIED ENTOMOLOGY",4
633,"HYNNINEN A, 2011, BOREAL ENVIRONMENT RESEARCH",2
432,"INCLÁN DJ, 2016, BASIC AND APPLIED ECOLOGY",3
426,"IQBAL J, 2014, SOIL SCIENCE SOCIETY OF AMERICA JOURNAL",2
388,"ISSAH G, 2015, FORESTS",1
728,"JÖNSSON A, 2015, BIOLOGICAL CONSERVATION",3
575,"JABBOUR R, 2011, PEDOBIOLOGIA",4
568,"JACINTHE PA, 2009, GEODERMA",2
221,"JACINTHE PA, 2015, JOURNAL OF ENVIRONMENTAL QUALITY",2
714,"JACOT K, 2007, ",3
211,"JACQUEMYN H, 2010, JOURNAL OF APPLIED ECOLOGY",3
102,"JARVIS SG, 2015, BIOLOGICAL CONSERVATION",3
223,"JELINEK ST, 2004, ",3
141,"JIA Z, 2006, JOURNAL OF IRRIGATION AND DRAINAGE ENGINEERING",2
594,"JOBIN B, 2001, AGRICULTURE, ECOSYSTEMS & ENVIRONMENT",1
79,"JOBIN B, 2004, AGRICULTURE, ECOSYSTEMS & ENVIRONMENT",1
649,"JONES AT, 2001, JOURNAL OF APPLIED ECOLOGY",1
473,"JONES D, 1997, BIOLOGICAL AGRICULTURE & HORTICULTURE",1
430,"JONES GA, 2005, CONSERVATION BIOLOGY",1
812,"JONES JC, 2006, ",1
526,"JOSEFSSON J, 2013, AGRICULTURE, ECOSYSTEMS & ENVIRONMENT",3
44,"JUNG MP, 2008, APPLIED SOIL ECOLOGY",3
765,"KÄNDLER M, 2009, BIOCLIMATOLOGY AND NATURAL HAZARDS",2
732,"KAJAK A, 2007, POLISH JOURNAL OF ECOLOGY",4
618,"KARR JD, 2001, JOURNAL OF ENVIRONMENTAL QUALITY",2
308,"KASPAR TC, 2007, JOURNAL OF ENVIRONMENTAL QUALITY",2
135,"KELLY JM, 2007, NUTRIENT CYCLING IN AGROECOSYSTEMS",2
628,"KĘDZIORA A, 2010, ECOHYDROLOGY & HYDROBIOLOGY",2
768,"KIM DG, 2009, COPERNICUS GMBH",2
813,"KIM DG, 2009, COPERNICUS GMBH-a",2
275,"KIM DG, 2009, JOURNAL OF ENVIRONMENTAL QUALITY",2
552,"KIM DG, NA, IOWA STATE UNIVERSITY",2
236,"KISS J, 1993, LANDSCAPE AND URBAN PLANNING",4
534,"KISS J, 1997, AGRICULTURE, ECOSYSTEMS & ENVIRONMENT",4
788,"KITCHEN AE, 2012, ",3
519,"KLÖPPEL H, 1997, CHEMOSPHERE",2
705,"KLEIJN D, 1998, AGRICULTURE, ECOSYSTEMS & ENVIRONMENT",3
54,"KLEIJN D, 2000, JOURNAL OF APPLIED ECOLOGY",4
802,"KLEIJN D, 2001, LANDSCAPE ECOLOGY IN AGROECOSYSTEMS MANAGEMENT",1
392,"KLEIJN D, 2006, ECOLOGY LETTERS",3
304,"KLEIN LR, 2015, LANDSCAPE AND URBAN PLANNING",1
647,"KNIGHT KW, 2010, JAWRA JOURNAL OF THE AMERICAN WATER RESOURCES ASSOCIATION",2
595,"KOLLMANN J, 2001, AGRICULTURE, ECOSYSTEMS & ENVIRONMENT",4
98,"KOMOR SC, 1996, WATER RESOURCES RESEARCH",2
171,"KOMOR SC, 2003, US GEOLOGICAL SURVEY",2
782,"KORPELA EL, 2013, AGRICULTURE, ECOSYSTEMS & ENVIRONMENT",3
643,"KORT J, 2011, AGROFORESTRY SYSTEMS",1
329,"KOTZAGEORGIS GC, 2009, JOURNAL OF ZOOLOGY",3
632,"KREWENKA KM, 2011, BIOLOGICAL CONSERVATION",3
321,"KRONVANG B, 2005, WATER SCIENCE AND TECHNOLOGY : A JOURNAL OF THE INTERNATIONAL ASSOCIATION ON WATER POLLUTION RESEARCH",2
328,"KRUTZ LJ, 2003, JOURNAL OF AGRICULTURAL AND FOOD CHEMISTRY",2
684,"KRUTZ LJ, 2004, JOURNAL OF ENVIRONMENTAL QUALITY",2
433,"KUIPER MW, 2013, AGRICULTURE, ECOSYSTEMS & ENVIRONMENT",3
771,"KUJAWA A, 2008, POLISH JOURNAL OF ECOLOGY",4
836,"KUJAWA K, 2004, POLISH JOURNAL OF ECOLOGY",1
515,"KULSHRESHTHA SN, 2008, AGROFORESTRY SYSTEMS",1
53,"KUMAR D, 2012, JOURNAL OF RENEWABLE AND SUSTAINABLE ENERGY",4
37,"KUMAR S, 2008, JOURNAL OF SOIL AND WATER CONSERVATION",2
121,"KUMAR S, 2010, AGROFORESTRY SYSTEMS",2
676,"KUMAR S, 2010, AGROFORESTRY SYSTEMS-a",2
811,"KUMAR S, 2010, AGROFORESTRY SYSTEMS-a-b",2
273,"KUMAR S, 2010, SOIL SCIENCE SOCIETY OF AMERICA JOURNAL",2
395,"KUNICKIS SH, 2010, ",2
727,"LACAS JG, 2012, PEDOSPHERE",2
494,"LACHLAN C, 1976, THE JOURNAL OF APPLIED ECOLOGY",1
500,"LACK PC, 1987, BIRD STUDY",1
487,"LAFRANCE P, 2012, JOURNAL OF ENVIRONMENTAL SCIENCE AND HEALTH PART B, PESTICIDES, FOOD CONTAMINANTS, AND AGRICULTURAL WASTES",2
382,"LAFRANCE P, 2012, SOIL USE AND MANAGEMENT",2
197,"LAFRANCE P, 2013, JOURNAL OF SOIL AND WATER CONSERVATION",2
407,"LAGERLÖF J, 1992, AGRICULTURE, ECOSYSTEMS & ENVIRONMENT",3
119,"LAGERLÖF J, 1993, AGRICULTURE, ECOSYSTEMS & ENVIRONMENT",4
280,"LAMPARTOVÁ I, 2015, EKOLÓGIA (BRATISLAVA)",1
696,"LAUBEL A, 2003, HYDROLOGICAL PROCESSES",2
422,"LEE JC, 2001, JOURNAL OF APPLIED ECOLOGY",4
209,"LEE KH, 2003, JOURNAL OF SOIL AND WATER CONSERVATION",2
834,"LEEDS-HARRISON PB, 1999, ECOLOGICAL ENGINEERING",2
452,"LEGUÉDOIS S, 2008, HYDROLOGICAL PROCESSES",2
301,"LEMKE A, 2002, AGRICULTURE, ECOSYSTEMS & ENVIRONMENT",4
550,"LEMMERS P, 2014, NEW ZEALAND JOURNAL OF ZOOLOGY",3
93,"LEVIE A, 2005, AGRICULTURE, ECOSYSTEMS & ENVIRONMENT",4
140,"LEWIS DJ, 2010, JOURNAL OF ENVIRONMENTAL QUALITY",2
170,"LEWIS T, 1969, THE JOURNAL OF APPLIED ECOLOGY",4
176,"LEWIS T, 1969, THE JOURNAL OF APPLIED ECOLOGY-a",4
310,"LEWIS T, 1970, ANNALS OF APPLIED BIOLOGY",4
495,"LIIRA J, 2013, PLANT ECOLOGY",1
695,"LIN CH, 2011, JOURNAL OF ENVIRONMENTAL QUALITY",2
451,"LIN L, 2014, HYDROLOGICAL PROCESSES",2
158,"LIU X, 2014, BIOGEOCHEMISTRY",2
40,"LIU ZY, 2012, 2012 INTERNATIONAL CONFERENCE ON COMPUTER DISTRIBUTED CONTROL AND INTELLIGENT ENVIRONMENTAL MONITORING",2
697,"LIZOTTE RE, 2014, JOURNAL OF SOIL AND WATER CONSERVATION",2
288,"LONG LAM, NA, IOWA STATE UNIVERSITY",2
73,"LOWRANCE R, 1997, TRANSACTIONS OF THE ASAE",2
115,"LOWRANCE R, 2001, JOURNAL OF ENVIRONMENTAL QUALITY",2
277,"LOWRANCE R, 2005, JOURNAL OF ENVIRONMENTAL QUALITY",2
569,"LUDWIG M, 2012, ACTA OECOLOGICA",3
753,"LUDY C, 2004, JOURNAL OF APPLIED ENTOMOLOGY",3
193,"LUDY C, 2006, BIOLOGICAL CONTROL",4
261,"LYE GC, 2009, BIOLOGICAL CONSERVATION",3
83,"LYS JA, 1992, OECOLOGIA",4
517,"LYS JA, 1994, CARABID BEETLES: ECOLOGY AND EVOLUTION",4
438,"LYS JA, 1994, ENTOMOLOGIA EXPERIMENTALIS ET APPLICATA",4
621,"MÉRŐ TO, 2010, ACROCEPHALUS",1
828,"MÁRQUEZ CO, 1998, AGROFORESTRY SYSTEMS",2
698,"MÁRQUEZ CO, 2004, SOIL SCIENCE SOCIETY OF AMERICA JOURNAL",2
833,"MA M, 2008, APPLIED VEGETATION SCIENCE",3
520,"MAALOULY M, 2013, AGRICULTURE, ECOSYSTEMS & ENVIRONMENT",4
532,"MACLEOD A, 1999, AGRICULTURE, ECOSYSTEMS & ENVIRONMENT",4
572,"MACLEOD A, 2004, AGRICULTURAL AND FOREST ENTOMOLOGY",4
605,"MACLEOD CJ, 2004, BIRD STUDY",1
764,"MADRIGAL I, 2007, ",2
518,"MAELFAIT JP, 1990, BIOLOGICAL CONSERVATION",4
303,"MAISONNEUVE C, 2001, AGRICULTURE, ECOSYSTEMS & ENVIRONMENT",1
282,"MANDER , 1997, ECOLOGICAL ENGINEERING",2
556,"MANDER , 2008, BOREAL ENVIRONMENT RESEARCH",2
577,"MANDER , 2014, ENVIRONMENTAL SCIENCE & TECHNOLOGY",2
436,"MANKIN KR, 2007, JOURNAL OF THE AMERICAN WATER RESOURCES ASSOCIATION",2
734,"MARCUS JF, 2000, THE WILSON BULLETIN",1
751,"MARINO PC, 1997, AGRICULTURE, ECOSYSTEMS & ENVIRONMENT",4
450,"MARSHALL EJP, 2001, LANDSCAPE ECOLOGY IN AGROECOSYSTEMS MANAGEMENT",1
384,"MARSHALL EJP, 2006, AGRICULTURE, ECOSYSTEMS & ENVIRONMENT",3
601,"MARSHALL EJP, 2007, ",4
542,"MARSHALL EJP, 2009, WEED RESEARCH",3
467,"MARSHALL MR, 2009, HYDROLOGICAL PROCESSES",2
142,"MARTIN TL, 1999, CANADIAN WATER RESOURCES JOURNAL",2
554,"MARTINEZ N, 2009, JOURNAL OF ORNITHOLOGY",3
794,"MARTINI X, 2015, AGRICULTURE, ECOSYSTEMS & ENVIRONMENT",4
557,"MASON CF, 2000, JOURNAL OF ZOOLOGY",1
715,"MAUDSLEY M, 2002, AGRICULTURE, ECOSYSTEMS & ENVIRONMENT",4
522,"MCCRACKEN DI, 2012, JOURNAL OF ENVIRONMENTAL QUALITY",3
777,"MCDOWELL RW, 2006, SOIL USE AND MANAGEMENT",2
434,"MCKERGOW LA, 2003, JOURNAL OF HYDROLOGY",2
527,"MCKERGOW LA, 2006, HYDROLOGICAL PROCESSES",2
689,"MCLACHLAN ARG, 2003, NEW ZEALAND JOURNAL OF ZOOLOGY",4
285,"MCMAHON BJ, 2005, ",1
28,"MCMAHON BJ, 2010, BIRD STUDY",1
398,"MEEK B, 2002, BIOLOGICAL CONSERVATION",4
77,"MEMMOTT J, 2010, PHILOSOPHICAL TRANSACTIONS OF THE ROYAL SOCIETY OF LONDON SERIES B, BIOLOGICAL SCIENCES",3
579,"MENDEZ A, 1999, JOURNAL OF THE AMERICAN WATER RESOURCES ASSOCIATION",2
546,"MENGIS M, 1999, GROUND WATER",2
774,"MERCKX T, 2009, AGRICULTURE, ECOSYSTEMS & ENVIRONMENT-a",3
26,"MERCKX T, 2010, JOURNAL OF INSECT CONSERVATION",3
162,"MERCKX T, 2012, JOURNAL OF APPLIED ECOLOGY",3
599,"MERIGGI A, 1991, BOLLETINO DI ZOOLOGIA",1
18,"MEYLING NV, 2009, MOLECULAR ECOLOGY",3
678,"MILLER WA, 2007, APPLIED AND ENVIRONMENTAL MICROBIOLOGY",2
410,"MILLON L, 2015, ECOLOGICAL ENGINEERING",3
86,"MOISAN-DESERRES J, 2014, THE CANADIAN ENTOMOLOGIST",3
320,"MOMOLI RS, 2007, SCIENTIA AGRICOLA",2
151,"MOONEN AC, 2001, AGRICULTURE, ECOSYSTEMS & ENVIRONMENT",1
453,"MOORE AA, 2005, ECOLOGICAL APPLICATIONS",2
300,"MOORE L, 2010, ",4
167,"MOORE MT, 2014, BULLETIN OF ENVIRONMENTAL CONTAMINATION AND TOXICOLOGY",2
475,"MOORMAN CE, 2012, WILDLIFE SOCIETY BULLETIN",4
205,"MOORMAN CE, 2013, PLOS ONE",4
192,"MORGAN KA, 1982, THE JOURNAL OF WILDLIFE MANAGEMENT",1
216,"MORRIS AJ, 2001, BIOLOGICAL CONSERVATION",4
181,"MOTTE G, 2002, BELGIAN JOURNAL OF ZOOLOGY",1
778,"MUÑOZ-CARPENA R, 1999, JOURNAL OF HYDROLOGY",2
637,"MUSTERS CJM, 2009, AGRICULTURE, ECOSYSTEMS & ENVIRONMENT",3
15,"NÚÑEZ-DELGADO A, 2001, WATER SCIENCE AND TECHNOLOGY : A JOURNAL OF THE INTERNATIONAL ASSOCIATION ON WATER POLLUTION RESEARCH",2
415,"NÚÑEZ-DELGADO A, 2002, BIORESOURCE TECHNOLOGY",2
72,"NASCIMBENE J, 2012, ENVIRONMENTAL MANAGEMENT",3
566,"NASH MA, 2008, BIOLOGICAL CONTROL",4
32,"NAZZI F, 1989, AGRICULTURE, ECOSYSTEMS & ENVIRONMENT",4
116,"NEARY DG, 2010, JOURNAL OF SOILS AND SEDIMENTS",2
493,"NENTWIG W, 1988, OECOLOGIA",4
117,"NEY RA, 2005, ENVIRONMENTAL MONITORING AND ASSESSMENT",2
448,"NEY RA, 2005, ENVIRONMENTAL MONITORING AND ASSESSMENT-a",2
440,"NICHOLLS CI, 2001, LANDSCAPE ECOLOGY",4
307,"NIEMINEN M, 2011, ECOLOGICAL APPLICATIONS",3
172,"NOIJ IGAM, 2012, JOURNAL OF ENVIRONMENTAL QUALITY",2
174,"NOIJ IGAM, 2013, SOIL USE AND MANAGEMENT",2
195,"NOORDIJK J, 2010, BIODIVERSITY AND CONSERVATION",3
498,"NORD M, 1991, BOUNDARY-LAYER METEOROLOGY",1
838,"NOWAK E, 2007, POLISH JOURNAL OF ECOLOGY",4
625,"NUUTINEN V, 2011, PEDOBIOLOGIA",3
58,"O'DONNELL TK, NA, UNIVERSITY OF MISSOURI LIBRARIES",2
101,"OAKLEY MJ, 2002, ",1
212,"OCAMPO C, 2006, WATER RESOURCES RESEARCH",2
477,"OGBUEHI SN, 1981, ",1
196,"OHLIGER R, 2010, THE SCIENCE OF THE TOTAL ENVIRONMENT",2
580,"OLECHOWICZ E, 2004, POLISH JOURNAL OF ECOLOGY-a",4
733,"OLECHOWICZ E, 2007, POLISH JOURNAL OF ECOLOGY",4
842,"OLEJNICZAK I, 2004, POLISH JOURNAL OF ECOLOGY",4
840,"OLEJNICZAK I, 2007, POLISH JOURNAL OF ECOLOGY",4
296,"OLSON DM, 2006, JOURNAL OF APPLIED ECOLOGY",4
688,"ORESZCZYN S, 1999, ",1
486,"OSBORNE PE, 1984, THE JOURNAL OF APPLIED ECOLOGY",1
338,"OTTENS HJ, 2014, ARDEA",3
263,"OTTO S, 2007, CHEMOSPHERE",2
249,"OTTO S, 2012, CHEMOSPHERE",2
443,"OTTO S, 2013, BIOSYSTEMS ENGINEERING",4
180,"OUTWARD R, 2008, JOURNAL OF INSECT SCIENCE (ONLINE)",4
763,"OWENS PN, 2007, SOIL USE AND MANAGEMENT",2
843,"OWINO JO, 2006, SOIL AND TILLAGE RESEARCH",2
316,"PÉREZ-SUÁREZ M, 2014, AGRICULTURE, ECOSYSTEMS & ENVIRONMENT",2
367,"PÄTZOLD S, 2007, SOIL USE AND MANAGEMENT",2
508,"PAINE LK, 2002, AGRICULTURE, ECOSYSTEMS & ENVIRONMENT",2
531,"PALMER WE, 1998, THE JOURNAL OF WILDLIFE MANAGEMENT",1
491,"PALMER WE, 2005, WILDLIFE SOCIETY BULLETIN",1
418,"PANEK M, 2000, ACTA ORNITHOLOGICA",1
650,"PANKAU RC, 2011, AGROFORESTRY SYSTEMS",2
514,"PAOLETTI MG, 1997, BIOLOGICAL AGRICULTURE & HORTICULTURE",4
168,"PARISH T, 1994, THE JOURNAL OF APPLIED ECOLOGY",1
235,"PARISH T, 1995, THE JOURNAL OF APPLIED ECOLOGY",1
114,"PARKYN SM, 2003, RESTORATION ECOLOGY",2
13,"PAUDEL BR, 2011, AGROFORESTRY SYSTEMS",2
129,"PAUDEL BR, 2011, APPLIED SOIL ECOLOGY",2
672,"PEÑA NM, 2003, AGRICULTURE, ECOSYSTEMS & ENVIRONMENT",4
355,"PEACH WJ, 2001, BIOLOGICAL CONSERVATION",3
372,"PEAK RG, 2004, THE AUK",1
408,"PEAK RG, 2006, JOURNAL OF WILDLIFE MANAGEMENT",1
208,"PELLISSIER V, 2004, ENVIRONMENTAL MANAGEMENT",1
311,"PEROVIĆ DJ, 2011, BIOCONTROL SCIENCE AND TECHNOLOGY",4
752,"PETERJOHN WT, 1984, ECOLOGY",2
378,"PETIT S, 1998, AGRICULTURE, ECOSYSTEMS & ENVIRONMENT",1
429,"PETROVAN SO, 2012, ANIMAL CONSERVATION",3
381,"PEYRET-GUZZON M, 2015, MYCORRHIZA",3
700,"PFIFFNER L, 2000, AGRICULTURE, ECOSYSTEMS & ENVIRONMENT",4
607,"PFIFFNER L, 2003, ",4
781,"PFIFFNER L, 2009, AGRICULTURE, ECOSYSTEMS & ENVIRONMENT",4
136,"PILON N, 2013, BIODIVERSITY DATA JOURNAL",3
4,"PINAY G, 1988, REGULATED RIVERS: RESEARCH & MANAGEMENT",2
576,"PLEIN M, 2013, ECOLOGY",3
201,"PLUSH CJ, 2012, THE JOURNAL OF WILDLIFE MANAGEMENT",1
731,"POOLE AE, 2013, AGRICULTURE, ECOSYSTEMS & ENVIRONMENT",2
844,"PUCKETT KM, 1995, ",1
578,"PULIDO-SANTACRUZ P, 2010, AGROFORESTRY SYSTEMS",1
358,"PYWELL RF, 2004, BIOLOGICAL CONSERVATION",3
461,"PYWELL RF, 2005, BIOLOGICAL CONSERVATION",4
232,"PYWELL RF, 2006, BIOLOGICAL CONSERVATION",3
726,"PYWELL RF, 2011, AGRICULTURE, ECOSYSTEMS & ENVIRONMENT",3
640,"PYWELL RF, 2011, JOURNAL OF INSECT CONSERVATION",3
359,"RÄSÄNEN K, 2013, ",2
815,"RÄTY M, 2006, ",2
608,"RÄTY M, 2008, AGRICULTURAL AND FOOD SCIENCE",2
499,"RÄTY M, 2009, NUTRIENT CYCLING IN AGROECOSYSTEMS",2
27,"RACHMAN A, 2004, SOIL SCIENCE SOCIETY OF AMERICA JOURNAL",2
590,"RACHMAN A, 2005, SOIL SCIENCE SOCIETY OF AMERICA JOURNAL",2
638,"RAEBEL EM, 2011, INSECT CONSERVATION AND DIVERSITY",3
16,"RAEBEL EM, 2012, AGRICULTURE, ECOSYSTEMS & ENVIRONMENT",3
404,"RAHMAN M, 2013, BIOLOGY AND FERTILITY OF SOILS",2
64,"RAHMAN MM, 2014, ITALIAN JOURNAL OF AGRONOMY",2
822,"RAMBONILAZA M, 2007, LANDSCAPE AND URBAN PLANNING",1
80,"RAMSDEN M, 2015, AGRICULTURE, ECOSYSTEMS & ENVIRONMENT",4
264,"RANDS MRW, 1986, THE JOURNAL OF APPLIED ECOLOGY",1
458,"RANDS MRW, 1987, BIOLOGICAL CONSERVATION",1
716,"RANJHA MH, 2014, JOURNAL OF INSECT CONSERVATION-a",4
185,"RANKINS A, 2001, WEED SCIENCE",2
128,"RANKINS A, 2005, WEED TECHNOLOGY",2
55,"RANTANEN EM, 2010, JOURNAL OF APPLIED ECOLOGY",3
154,"RASA K, 2006, ",2
742,"RASA K, 2011, ",2
609,"RASA K, 2013, SOIL USE AND MANAGEMENT",2
445,"RASMUSSEN JJ, 2011, ECOLOGICAL ENGINEERING",2
766,"RAYNOR GS, 1974, AGRICULTURAL METEOROLOGY",1
120,"REBERG-HORTON SC, 2010, RENEWABLE AGRICULTURE AND FOOD SYSTEMS",3
444,"REDDING MR, 2008, EUROPEAN JOURNAL OF SOIL SCIENCE",2
312,"REED T, 2002, ECOSYSTEMS",2
203,"REEDER KF, 2005, AGRICULTURE, ECOSYSTEMS & ENVIRONMENT",1
479,"RENOUF K, 2015, NEW ZEALAND JOURNAL OF MARINE AND FRESHWATER RESEARCH",2
513,"RENWICK AR, 2011, AGRICULTURE, ECOSYSTEMS & ENVIRONMENT",3
217,"RENWICK AR, 2012, INTERNATIONAL JOURNAL FOR PARASITOLOGY",1
306,"REW LJ, 1996, AGRICULTURE, ECOSYSTEMS & ENVIRONMENT",3
686,"RIBIC CA, 2001, THE AMERICAN MIDLAND NATURALIST",1
234,"RICCI B, 2008, LANDSCAPE ECOLOGY",4
361,"RICCI B, 2011, AGRICULTURE, ECOSYSTEMS & ENVIRONMENT",4
286,"RIDDLE JD, 2008, JOURNAL OF WILDLIFE MANAGEMENT",1
344,"RIENS J, 2013, WETLANDS",2
189,"RIES L, 2001, JOURNAL OF ANIMAL ECOLOGY",1
588,"RIJN PCJ, 2006, ",4
509,"RIJN PCJ, 2010, ",4
340,"RIVEST D, 2014, AGROFORESTRY SYSTEMS",1
571,"ROBERTS WM, 2013, BIOLOGY AND FERTILITY OF SOILS",2
745,"ROY DB, 2003, PHILOSOPHICAL TRANSACTIONS OF THE ROYAL SOCIETY OF LONDON SERIES B, BIOLOGICAL SCIENCES",3
399,"ROY V, 2008, BIOLOGICAL CONSERVATION",1
729,"RUSS JM, 2002, BIOLOGICAL CONSERVATION",1
466,"RYSZKOWSKI L, 1993, HYDROBIOLOGIA",2
254,"RYSZKOWSKI L, 2007, ECOLOGICAL ENGINEERING",2
414,"SÁNCHEZ IA, 2009, AGROFORESTRY SYSTEMS",1
789,"SÁNCHEZ-MORENO S, 2007, BIOLOGY AND FERTILITY OF SOILS",4
582,"SALAZAR O, 2015, NUTRIENT CYCLING IN AGROECOSYSTEMS",2
483,"SANDERSON MA, 2001, JOURNAL OF ENVIRONMENTAL QUALITY",2
755,"SANTOS FB, 2015, ENVIRONMENTAL BIOLOGY OF FISHES",3
313,"SARTHOU JP, 2014, AGRICULTURE, ECOSYSTEMS & ENVIRONMENT",4
819,"SASKA P, 2007, AGRICULTURE, ECOSYSTEMS & ENVIRONMENT",4
356,"SAUER TJ, 2007, AGROFORESTRY SYSTEMS",1
620,"SAUSSURE S, 2015, AGRONOMY FOR SUSTAINABLE DEVELOPMENT",4
585,"SCHAUDER H, 1992, ZEITSCHRIFT FÜR PFLANZENERNÄHRUNG UND BODENKUNDE",2
242,"SCHEPER J, 2015, JOURNAL OF APPLIED ECOLOGY",3
213,"SCHLOSSER IJ, 1981, JOURNAL OF THE AMERICAN WATER RESOURCES ASSOCIATION",2
233,"SCHMIDT-ENTLING MH, 2009, AGRICULTURE, ECOSYSTEMS & ENVIRONMENT",4
659,"SCHMITT TJ, 1999, JOURNAL OF ENVIRONMENTAL QUALITY",2
736,"SCHMITZ MF, 2007, BIOLOGICAL CONSERVATION",1
143,"SCHNABEL RR, 1997, ENVIRONMENTAL MANAGEMENT",2
442,"SCHNEIDER S, 2012, APPLIED SOIL ECOLOGY",3
60,"SCHOONOVER JE, 2003, JOURNAL OF THE AMERICAN WATER RESOURCES ASSOCIATION",2
318,"SCHOONOVER JE, 2005, AGROFORESTRY SYSTEMS",2
793,"SCHOONOVER JE, 2006, WATER, AIR, AND SOIL POLLUTION",2
375,"SCHROEDER PD, 2008, COMMUNICATIONS IN SOIL SCIENCE AND PLANT ANALYSIS",2
24,"SCHULTZ RC, 1995, AGROFORESTRY SYSTEMS",2
548,"SEPP K, 2004, LANDSCAPE AND URBAN PLANNING",3
441,"SEYFULINA RR, 2010, ENTOMOLOGICAL REVIEW",4
124,"SHAW RF, 2015, PLOS ONE",3
39,"SHEN Z, 2010, CATENA",2
545,"SHEPPARD SC, 2006, CANADIAN JOURNAL OF SOIL SCIENCE",2
17,"SHERIDAN H, 2009, BIOLOGY & ENVIRONMENT: PROCEEDINGS OF THE ROYAL IRISH ACADEMY",3
379,"SIGSGAARD L, 2013, JOURNAL OF INSECT SCIENCE (ONLINE)",4
126,"SILVA M, 2008, THE AMERICAN MIDLAND NATURALIST",1
315,"SIRIWARDENA GM, 2012, ECOGRAPHY",3
276,"SITZIA T, 2006, PLANT ECOLOGY",1
403,"SITZIA T, 2013, IFOREST - BIOGEOSCIENCES AND FORESTRY",1
480,"SITZIA T, 2014, PLANT ECOLOGY",3
188,"SMILEY PC, 2007, AGRICULTURE, ECOSYSTEMS & ENVIRONMENT",1
709,"SMILEY PC, 2009, JAWRA JOURNAL OF THE AMERICAN WATER RESOURCES ASSOCIATION",2
178,"SMILEY PC, 2011, ECOLOGICAL ENGINEERING",2
673,"SMITH CM, 1989, NEW ZEALAND JOURNAL OF MARINE AND FRESHWATER RESEARCH",2
529,"SMITH HL, 2010, BIOLOGICAL CONSERVATION",3
370,"SMITH IM, 2014, AGRICULTURAL AND FOREST ENTOMOLOGY",4
268,"SMITH IM, 2015, BIOLOGICAL CONTROL",4
740,"SMITH J, 2007, JOURNAL OF APPLIED ECOLOGY",3
485,"SMITH J, 2009, APPLIED SOIL ECOLOGY",3
748,"SMITH M, 2012, SOIL BIOLOGY AND BIOCHEMISTRY",2
56,"SMITH MD, 2005, THE WILSON BULLETIN",1
245,"SMITH MD, 2009, ",1
818,"SMITH TA, 2008, SOUTHEASTERN NATURALIST",1
335,"SMITH TE, 2014, BIOGEOCHEMISTRY",2
803,"SNYDER NJ, 1998, JOURNAL OF THE AMERICAN WATER RESOURCES ASSOCIATION",2
801,"SOBCZYK D, 2004, POLISH JOURNAL OF ECOLOGY",4
583,"SOBOTA DJ, 2011, ECOSYSTEMS",2
75,"SONI B, 2015, JOURNAL OF ENVIRONMENTAL QUALITY",2
827,"SOSNOSKIE LM, 2007, WEED SCIENCE",3
701,"SOTHERTON NW, 2009, ZEITSCHRIFT FÜR ANGEWANDTE ENTOMOLOGIE",4
186,"SOVELL LA, 2000, ENVIRONMENTAL MANAGEMENT",2
525,"SPARKES DL, 1998, ANNALS OF APPLIED BIOLOGY",1
539,"SPARKS TH, 1995, BIOLOGICAL CONSERVATION",1
573,"SPARKS TH, 1996, AGRICULTURE, ECOSYSTEMS & ENVIRONMENT",1
190,"SPINELLI R, 2006, AGROFORESTRY SYSTEMS",2
337,"SPRUILL TB, 2004, WATER SCIENCE AND TECHNOLOGY : A JOURNAL OF THE INTERNATIONAL ASSOCIATION ON WATER POLLUTION RESEARCH",2
248,"STALEY JT, 2012, BIOLOGICAL CONSERVATION",1
226,"STALEY JT, 2013, BIOLOGICAL CONSERVATION",3
149,"STAMPS WT, 2007, AGRICULTURE, ECOSYSTEMS & ENVIRONMENT",3
501,"STAMPS WT, 2008, AGRICULTURE, ECOSYSTEMS & ENVIRONMENT",4
38,"STEHLE S, 2015, THE SCIENCE OF THE TOTAL ENVIRONMENT",2
455,"STEPHENSON JM, 2009, FRESHWATER BIOLOGY",2
156,"STEVENS CJ, 2009, SOIL AND TILLAGE RESEARCH",2
65,"STINNETT DP, 1986, THE JOURNAL OF WILDLIFE MANAGEMENT",1
184,"STOATE C, 2001, JOURNAL OF ENVIRONMENTAL MANAGEMENT",4
677,"STOCKAN JA, 2012, JOURNAL OF ENVIRONMENTAL QUALITY",3
247,"STOCKAN JA, 2013, INSECT CONSERVATION AND DIVERSITY",3
506,"STREET TI, 2015, AGRICULTURE, ECOSYSTEMS & ENVIRONMENT",3
87,"SULLIVAN TJ, 2007, ENVIRONMENTAL MANAGEMENT",2
741,"SULLIVAN TP, 2009, AGRICULTURE, ECOSYSTEMS & ENVIRONMENT",3
150,"SULLIVAN TP, 2012, JOURNAL OF ARID ENVIRONMENTS",3
50,"SULLIVAN TP, 2013, ACTA THERIOLOGICA",3
255,"SUTHERLAND JP, 2001, AGRICULTURAL AND FOREST ENTOMOLOGY",4
558,"SYKES AK, 2001, ÉCOSCIENCE",1
465,"SYVERSEN N, 2005, ECOLOGICAL ENGINEERING",2
219,"SYVERSEN N, 2005, WATER SCIENCE AND TECHNOLOGY : A JOURNAL OF THE INTERNATIONAL ASSOCIATION ON WATER POLLUTION RESEARCH",2
837,"SZÖGI AA, 2007, AGRICULTURAL WATER MANAGEMENT",2
252,"SZAJDAK LW, 2002, ENVIRONMENT INTERNATIONAL",2
540,"SZAJDAK LW, 2013, ESTONIAN JOURNAL OF ECOLOGY",2
346,"SZAJDAK LW, 2014, CHEMOSPHERE",2
134,"SZYMAŃSKI P, 2013, BIRD STUDY",1
270,"TAHVANAINEN L, 2002, JOURNAL OF ENVIRONMENTAL MANAGEMENT",1
600,"TARMI S, 2009, AGRICULTURE, ECOSYSTEMS & ENVIRONMENT",3
256,"TARMI S, 2011, WEED RESEARCH",3
749,"TARMI S, 2012, SUSTAINABLE AGRICULTURE RESEARCH",3
253,"TATTERSALL FH, 2001, JOURNAL OF ZOOLOGY",3
593,"TATTERSALL FH, 2002, JOURNAL OF APPLIED ECOLOGY",4
820,"TEELS BM, 2006, WILDLIFE SOCIETY BULLETIN",2
352,"THENAIL C, 2004, AGRICULTURE, ECOSYSTEMS & ENVIRONMENT",1
423,"THIES C, 1999, SCIENCE (NEW YORK, NY)",4
14,"THOMAS CFG, 1997, BIOLOGICAL AGRICULTURE & HORTICULTURE",4
523,"THOMAS CFG, 1999, AGRICULTURE, ECOSYSTEMS & ENVIRONMENT",4
238,"THOMAS MB, 1992, ANNALS OF APPLIED BIOLOGY",4
227,"THOMAS MB, 1992, OECOLOGIA",4
231,"THOMAS PJ, 2011, OPEN JOURNAL OF ECOLOGY",3
299,"THOMAS SR, 2001, AGRICULTURE, ECOSYSTEMS & ENVIRONMENT",4
447,"THOMSON LJ, 2010, BIOLOGICAL CONTROL",4
505,"TILAK AS, 2014, JAWRA JOURNAL OF THE AMERICAN WATER RESOURCES ASSOCIATION",2
182,"TINGLE CH, 1998, WEED SCIENCE",2
555,"TSITSILAS A, 2006, AUSTRALIAN JOURNAL OF EXPERIMENTAL AGRICULTURE",4
283,"TUFEKCIOGLU A, 2001, PLANT AND SOIL",2
11,"TUFEKCIOGLU A, 2003, AGROFORESTRY SYSTEMS",2
437,"TUFEKCIOGLU A, NA, IOWA STATE UNIVERSITY",2
806,"TUZET A, 2007, AGRICULTURAL AND FOREST METEOROLOGY",1
489,"TWARDOWSKI J, 2005, JOURNAL OF PLANT PROTECTION RESEARCH",4
562,"UDAWATTA RP, 2002, JOURNAL OF ENVIRONMENTAL QUALITY",2
488,"UDAWATTA RP, 2005, CANADIAN JOURNAL OF FOREST RESEARCH",2
69,"UDAWATTA RP, 2006, REVUE DES SCIENCES DE L'EAU",2
800,"UDAWATTA RP, 2008, APPLIED SOIL ECOLOGY",2
331,"UDAWATTA RP, 2008, GEODERMA",2
474,"UDAWATTA RP, 2008, SOIL SCIENCE SOCIETY OF AMERICA JOURNAL",2
821,"UDAWATTA RP, 2010, AGROFORESTRY SYSTEMS",2
239,"UNGER IM, 2012, AGROFORESTRY SYSTEMS",2
761,"UUSI-KÄMPPÄ J, 2006, ",2
792,"UUSI-KÄMPPÄ J, 2010, ",2
738,"VÄÄNÄNEN R, 2008, SILVA FENNICA",2
756,"VARCHOLA JM, 2001, AGRICULTURE, ECOSYSTEMS & ENVIRONMENT",4
269,"VELLIDIS G, 2003, JOURNAL OF ENVIRONMENTAL QUALITY",2
845,"VEUM KS, 2011, GEODERMA",2
369,"VIANELLO M, 2005, CHEMOSPHERE",2
662,"VIDON P, 2015, ENVIRONMENTAL MONITORING AND ASSESSMENT",2
591,"VINCENT A, 2007, EUROPEAN JOURNAL OF SOIL SCIENCE",2
7,"WAGNER DJ, 2008, JOURNAL OF ENVIRONMENTAL QUALITY",2
259,"WALKER KJ, 2007, BIOLOGICAL CONSERVATION",3
750,"WALSH AL, 1996, THE JOURNAL OF APPLIED ECOLOGY",1
267,"WALTON NJ, 2011, ENVIRONMENTAL ENTOMOLOGY",4
257,"WANG L, 2012, JOURNAL OF ENVIRONMENTAL MANAGEMENT",2
603,"WEBBER DF, 2010, JOURNAL OF SOIL AND WATER CONSERVATION",2
521,"WEBSTER EP, 1996, WEED SCIENCE",2
1,"WEHLING S, 2009, BIOLOGICAL CONSERVATION",1
402,"WEIGEL BM, 2000, JOURNAL OF FRESHWATER ECOLOGY",2
596,"WEIGELHOFER G, 2012, JOURNAL OF ENVIRONMENTAL QUALITY",2
832,"WERLING BP, 2008, AGRICULTURE, ECOSYSTEMS & ENVIRONMENT",4
454,"WERLING BP, 2010, ECOLOGICAL APPLICATIONS : A PUBLICATION OF THE ECOLOGICAL SOCIETY OF AMERICA",4
772,"WESTBURY DB, 2008, WEED RESEARCH",3
385,"WHITE SK, 1998, WATER AND ENVIRONMENT JOURNAL",2
97,"WHITTINGHAM MJ, 2005, JOURNAL OF APPLIED ECOLOGY",1
292,"WHITTINGHAM MJ, 2009, BIRD STUDY",1
6,"WIGGERS JMR, 2016, JOURNAL FOR NATURE CONSERVATION",3
343,"WINKLER K, 2009, ECOLOGICAL ENTOMOLOGY",4
831,"WINKLER K, 2010, BIOCONTROL",4
456,"WISEMAN JD, 2014, JAWRA JOURNAL OF THE AMERICAN WATER RESOURCES ASSOCIATION",2
100,"WOLTON R, 2009, MAMMALIA",3
74,"WOLTZ JM, 2012, AGRICULTURE, ECOSYSTEMS & ENVIRONMENT",4
654,"WOODCOCK BA, 2005, AGRICULTURE, ECOSYSTEMS & ENVIRONMENT",3
146,"WOODCOCK BA, 2006, JOURNAL OF APPLIED ECOLOGY",3
416,"WOODCOCK BA, 2007, ECOLOGICAL ENTOMOLOGY",3
497,"WOODCOCK BA, 2008, AGRICULTURE, ECOSYSTEMS & ENVIRONMENT",3
530,"WOODCOCK BA, 2009, JOURNAL OF APPLIED ECOLOGY",3
719,"WRATTEN SD, 2003, OECOLOGIA",4
371,"WU T, 2012, AGROFORESTRY SYSTEMS",1
627,"WUCZYŃSKI A, 2011, AGRICULTURE, ECOSYSTEMS & ENVIRONMENT",3
830,"WUCZYŃSKI A, 2011, AGRICULTURE, ECOSYSTEMS & ENVIRONMENT-a",3
409,"WUCZYŃSKI A, 2014, BIODIVERSITY AND CONSERVATION",3
712,"WYSS E, 1995, ENTOMOLOGIA EXPERIMENTALIS ET APPLICATA",4
99,"WYSS E, 1995, JOURNAL OF APPLIED ENTOMOLOGY",4
661,"YAHNER RH, 1982, JOURNAL OF MAMMALOGY",1
400,"YAHNER RH, 1982, THE JOURNAL OF WILDLIFE MANAGEMENT",1
29,"YAHNER RH, 1983, ",1
25,"YAHNER RH, 1983, THE JOURNAL OF WILDLIFE MANAGEMENT",1
90,"YAHNER RH, 1983, THE JOURNAL OF WILDLIFE MANAGEMENT-a",1
668,"YAMADA T, 2007, THE SCIENCE OF THE TOTAL ENVIRONMENT",2
165,"YASUDA M, 2013, APPLIED ENTOMOLOGY AND ZOOLOGY",3
396,"ZAIMES GN, 2004, JOURNAL OF SOIL AND WATER CONSERVATION",2
462,"ZAIMES GN, 2011, ECOLOGICAL ENGINEERING",2
374,"ZAIMES GN, 2011, POLISH JOURNAL OF ENVIRONMENTAL STUDIES",2
33,"ZAIMES GN, 2012, ENVIRONMENTAL MANAGEMENT",2
155,"ZANGGER A, 1994, CARABID BEETLES: ECOLOGY AND EVOLUTION",4
770,"ZANGGER A, 1994, ENTOMOLOGIA EXPERIMENTALIS ET APPLICATA",4
597,"ZHANG H, 1995, AGROFORESTRY SYSTEMS",1
690,"ZHOU X, 2014, JOURNAL OF SOIL AND WATER CONSERVATION",2
713,"ZOLLINGER JL, 2013, IBIS",3
91,"ZUAZO VHD, 2008, AGRONOMY FOR SUSTAINABLE DEVELOPMENT",2
807,"ZYCZYNSKA-BALONIAK I, 2005, POLISH JOURNAL OF ENVIRONMENTAL STUDIES",2